{
		"coc.source.file.shortcut": "File",
		"coc.source.around.shortcut": "?",
		//"suggest.disableKind": true,
		"suggest.completionItemKindLabels": {
				"keyword": "\uf1de",
				"variable": "\ue79b",
				"value": "\uf89f",
				"operator": "\u03a8",
				"constructor": "\uf0ad",
				"function": "\u0192",
				"reference": "\ufa46",
				"constant": "\uf8fe",
				"method": "\uf09a",
				"struct": "\ufb44",
				"class": "\uf0e8",
				"interface": "\uf417",
				"text": "\ue612",
				"enum": "\uf435",
				"enumMember": "\uf02b",
				"module": "\uf40d",
				"color": "\ue22b",
				"property": "\ue624",
				"field": "\uf9be",
				"unit": "\uf475",
				"event": "\ufacd",
				"file": "\uf723",
				"folder": "\uf114",
				"snippet": "\ue60b",
				"typeParameter": "\uf728",
				"default": "\uf29c"
		},
		"languageserver": {	
				// C++
				"ccls": {
						"command": "ccls",
						"filetypes": ["c", "cpp", "cuda", "objc", "objcpp"],
						"rootPatterns": [".ccls", "compile_commands.json"],
						"initializationOptions": {
								"cache": {
										"directory": ".ccls-cache",
										"format": "binary"
								},
								"client": {
										"snippetSupport": true
								},
								"index": {
										"onChange": true
								},
								"highlight": {
										"lsRanges": true
								}//,
								//"clang": {
          			//		"resourceDir": "/Library/Developer/CommandLineTools/usr/lib/clang/11.0.0",
          			//		"extraArgs": [
								//				"-isystem",
								//				"/Library/Developer/CommandLineTools/usr/include/c++/v1",
								//				"-I",
								//				"/Applications/Xcode.app/Contents/Developer/Platforms/MacOSX.platform/Developer/SDKs/MacOSX.sdk/usr/include/"        
          			//		]
        				//}	
						}
				},
				"cmake": {
						"command": "cmake-language-server",
						"filetypes": ["cmake"],
						"rootPatterns": [
								"build/"
						],
						"initializationOptions": {
								"buildDirectory": "build"
						}
				}//,
				//"haskell": {
						//"command": "haskell-language-server-wrapper",
						//"args": ["--lsp"],
    					//"rootPatterns": ["*.cabal", "stack.yaml", "cabal.project", "package.yaml", "hie.yaml"],
    					//"filetypes": ["haskell", "lhaskell"]
				//}
		}
}
